{"great": [0.5682557965917354, 0.17693766992299964, 0.1899364351254375, -0.2780914082047977, -0.8753156815199818, -0.1461644015132927, 0.23939092249734462, -0.3107029172057924, 0.6199832095634383, 0.1661798446200223], "cool": [0.5641256072125874, 0.13722982658305447, 0.20823648035171757, -0.29296957234563636, -0.8704480862547578, -0.18822962799771012, 0.2423961604715867, -0.29410091959922546, 0.6979644655991712, 0.21475297647656114], "brilliant": [0.5918855018013452, 0.10397786927770158, 0.1812540983279815, -0.3249417806914038, -0.856537650894754, -0.17966721391513166, 0.26035098164719017, -0.3289324465724493, 0.6604228461904658, 0.24158225625024787], "wonderful": [0.5336813277875313, 0.15884523607312176, 0.2651843805368253, -0.34389277627100584, -0.8491692008120083, -0.18613217422541944, 0.2672408530040502, -0.3180910305972479, 0.6581041757437852, 0.20044434983351103], "well": [0.5893339401809647, 0.1731181320118493, 0.26909656417479727, -0.30740190098292836, -0.8500390052604689, -0.1887189699624789, 0.271011219033624, -0.30024215026449175, 0.5689872204434453, 0.1536939961285803], "amazing": [0.5902038867844642, 0.14902291975965967, 0.21315969705653703, -0.3142264603667905, -0.9096476218964347, -0.17471907820831536, 0.27440977619393614, -0.2878009614247629, 0.6262885326051715, 0.21474172972714708], "worth": [0.5130535106477784, 0.12034173054704304, 0.19587383631804153, -0.31643691396240403, -0.8606295772705052, -0.15101162886733985, 0.22113241716100854, -0.26972358950629427, 0.6690196658223427, 0.16036078186161512], "sweet": [0.5503643010832925, 0.1714318975623613, 0.1903936253011809, -0.32242095517316, -0.8138360944646923, -0.18346270853248328, 0.23271938859805769, -0.2626053000415244, 0.6257203568118471, 0.2487194300767544], "enjoyable": [0.5738392051934845, 0.12461914284456138, 0.17510717277873972, -0.33024605280163594, -0.7874929465033426, -0.17067349112504743, 0.2458771733792498, -0.2837594997695822, 0.6546620471931932, 0.23489164232336923], "boring": [0.5240450095785572, 0.15703282247734568, 0.1848657881235244, -0.2990130048224245, -0.8831747584261093, -0.18115865274114756, 0.22235910278043794, -0.3175688226803138, 0.5988034434028016, 0.17092555144264807], "bad": [0.536031677164971, 0.08934057914047368, 0.220102659106094, -0.30958468615269724, -0.8809548868530358, -0.14538972298245995, 0.21710437130796906, -0.2380725109854569, 0.6330703998035984, 0.24369857228293254], "dumb": [0.5707119169157071, 0.1380145076776177, 0.2641854971871884, -0.27134928168538647, -0.8090819545573587, -0.1128802034238106, 0.2872690197930902, -0.32041956749087286, 0.6057968690648796, 0.17957977344555875], "annoying": [0.5804388073936807, 0.10213080454123975, 0.1751046716523363, -0.3301742006378938, -0.816896887343268, -0.20307898062832583, 0.2158054190212603, -0.26101166321029456, 0.6339996308459204, 0.20636140785935553], "female": [0.6029723815239835, 0.16789318536724734, 0.2252008730596756, -0.2887330648792562, -0.914615719505456, -0.22069970363834449, 0.22384549781071938, -0.27169214724889107, 0.6634932978039563, 0.2320323110106519], "male": [0.6188443180311554, 0.17591224836567168, 0.22018040161594699, -0.3645633008007947, -0.9461854369906789, -0.1332260465791465, 0.2991505531133827, -0.34861960504838163, 0.7441098161765464, 0.1977599709720629], "queen": [0.576589464715478, 0.13192743667861653, 0.25802327045267476, -0.32980320826986514, -0.8289942700272944, -0.19274329913687585, 0.23709843256162164, -0.24203150503481516, 0.5713084097409642, 0.14298922537605843], "king": [0.5560732564209726, 0.17646154128213573, 0.28312342344954783, -0.33671288553906037, -0.9461014688342687, -0.12648395065859475, 0.3061218131559217, -0.33188197122441776, 0.6792991341085514, 0.1913177348583803], "man": [0.6051631423709495, 0.1783014456364415, 0.22784621923285925, -0.29611789220195267, -0.9034636471542417, -0.14556650433904586, 0.20202598684749792, -0.2637285354241913, 0.67687410565457, 0.21429225917611788], "woman": [0.5439297636260638, 0.10716810158149413, 0.1933813914866811, -0.30638888462724, -0.9005115497465597, -0.19854245727352388, 0.28882419764825334, -0.31693694288027685, 0.66557694525432, 0.24864052935984077], "rain": [0.6298504912050584, 0.12301635380852775, 0.2205274318821631, -0.3041738805628178, -0.850625738714621, -0.17339694916358048, 0.22410525920744057, -0.34460525006932236, 0.7252580609208233, 0.24246844659325667], "snow": [0.571658674146897, 0.16715752620553279, 0.2811586315804148, -0.29761757148365736, -0.9075508328669517, -0.18167262677197626, 0.2339708351704251, -0.2998148033711087, 0.7592476519212542, 0.2640055409419275], "hail": [0.42533821691139184, 0.1380455378374832, 0.21177430565076089, -0.195198078379709, -0.681656708186901, -0.10307706377540066, 0.15071990173178398, -0.2165401966104437, 0.5309049787787798, 0.11659360626879126], "coffee": [0.5362156564666707, 0.18498536534428103, 0.24044513781837568, -0.25154795848531813, -0.758515627560334, -0.14980862202505732, 0.25257229022500965, -0.24267753083317822, 0.6620631212565935, 0.2250460836189863], "tea": [0.5401340524210244, 0.17011330010004375, 0.16738954188749106, -0.31149282910606846, -0.7716667733777047, -0.17544733406998528, 0.2649609258706589, -0.25197352059897304, 0.6384983316665089, 0.20143552944512613]}